file,precision,recall,f1_score,map0.5,map0.5-0.95,tp,fp,fn,segmentation_time
0,0.7500986971969996,0.8165019338203696,0.7818930041152264,0.6137171158884542,0.28450992355453464,1900,633,427,2.5158450603485107
1,0.8038897893030794,0.9075937785910339,0.852599914052428,0.7308088993664359,0.3544128480919405,992,242,101,1.727916955947876
10,0.7686669720568026,0.8398398398398398,0.8026787849796698,0.6289093407737476,0.29532336650980723,1678,505,320,2.416003704071045
