file,VMD_pred,VMD_gt,VMD_error,RSF_pred,RSF_gt,RSF_error,CoveragePercentage_pred,CoveragePercentage_gt,CoveragePercentage_error,NoDroplets_pred,NoDroplets_gt,NoDroplets_error,NoOverlappedDroplets_pred,NoOverlappedDroplets_gt,NoOverlappedDroplets_error,OverlappedDropletsPercentage_pred,OverlappedDropletsPercentage_gt,OverlappedDropletsPercentage_error
0,3.822271061867582,2.04,0.8736622852292067,2.660200973403631,0.95,1.800211550951191,7.500822368421052,5.56,0.34906877129875047,2533,2525.0,0.0031683168316831685,1076,420.0,1.561904761904762,42.479273588630086,16.63,1.5543760426115507
1,3.246312408709453,2.04,0.5913296121124769,2.870967741935484,1.0,1.870967741935484,3.408906882591093,2.48,0.3745592268512472,1234,1124.0,0.09786476868327403,433,97.0,3.463917525773196,35.089141004862235,8.63,3.0659491315019967
10,3.822271061867582,2.04,0.8736622852292067,2.660200973403631,0.97,1.742475230313022,6.71109564777328,4.79,0.4010638095560083,2183,2177.0,0.002756086357372531,837,312.0,1.6826923076923077,38.34173156207055,14.33,1.6756267663691942
