method,precision,recall,f1-score,map0.5,map0.5-0.95,tp,fp,fn,segmentation_time,iou_mask,f1_score
droplet_segmentation_cv,0.4948401368959433,0.8582212996787421,,0.4103346939927575,0.2281229102971832,,,,15.005299542401287,,0.6240085184996946
droplet_segmentation_cv,0.49484013689594336,0.8582212996787421,0.6240085184996946,0.41033469399275757,0.22812291029718323,,,,15.005299542401287,,
