method,VMD_error,RSF_error,CoveragePercentage_error,NoDroplets_error,OtherCoveragePercentage_error,VMD_median,RSF_median,CoveragePercentage_median,NoDroplets_median,OtherCoveragePercentage_median,VMD_std,RSF_std,CoveragePercentage_std,NoDroplets_std,OtherCoveragePercentage_std,VMD_max,RSF_max,CoveragePercentage_max,NoDroplets_max,OtherCoveragePercentage_max
dropleaf,1.0364096602087989,0.4968883373976285,9.083303630192196,0.2903039840722693,1.84768403381966,0.9667778431757243,0.3738349210416667,8.58974358974359,0.2639048714998082,0.684581497797357,0.1968553760512972,0.4104994973018484,5.34530327690116,0.1175157650286414,5.077184169282289,1.5249941328326688,2.1411984236842105,21.91232227488152,0.6151202749140894,28.65258215962441
synthetic_dataset_yolo,0.1423270884267628,0.2729248671644382,0.4593048188938875,0.262150726407566,,0.1277216240113529,0.1191984310022184,0.4493782077015052,0.1921361978111066,,0.0801385982727475,0.3385059074652491,0.1354121478538644,0.197683458744346,,0.3453463292920229,1.3333132378709114,0.7883960688591983,0.7308259587020649,
synthetic_dataset_cv,2.510370670309728,0.5108739510779162,0.0842303097521844,0.3144953531723426,,2.49374516574669,0.3703057142570232,0.0478566542951011,0.2824165029469548,,0.2634002994507267,0.4748495986764203,0.1229146979066404,0.1470054970294317,,2.990969353135796,2.126913485220345,0.6256806725116635,0.8126843657817109,
real_dataset_yolo,0.2233568366523775,2.7338487884234195,0.6095432736446298,0.5561944589649764,,0.2233568366523775,2.7338487884234195,0.6095432736446298,0.5561944589649764,,,,,,,0.2233568366523775,2.7338487884234195,0.6095432736446298,0.5561944589649764,
real_dataset_cv,0.1952286093343736,1.9945682693479272,0.1533450081921758,0.4189255791030064,,0.1952286093343736,1.9945682693479272,0.1533450081921758,0.4189255791030064,,,,,,,0.1952286093343736,1.9945682693479272,0.1533450081921758,0.4189255791030064,
