Filename,Segmentation Time (seconds)
0_0_0.png,6.412111520767212
0_0_1.png,0.3468952178955078
0_1_0.png,0.4467432498931885
0_1_1.png,0.2889232635498047
0_2_0.png,0.4380333423614502
0_2_1.png,0.29198145866394043
0_3_0.png,0.5779898166656494
0_3_1.png,0.32173967361450195
