file,VMD_pred,VMD_gt,VMD_error,RSF_pred,RSF_gt,RSF_error,CoveragePercentage_pred,CoveragePercentage_gt,CoveragePercentage_error,NoDroplets_pred,NoDroplets_gt,NoDroplets_error,NoOverlappedDroplets_pred,NoOverlappedDroplets_gt,NoOverlappedDroplets_error,OverlappedDropletsPercentage_pred,OverlappedDropletsPercentage_gt,OverlappedDropletsPercentage_error
0,300.0,2.04,146.05882352941174,1.0,0.95,0.052631578947368474,7.500822368421052,5.56,0.34906877129875047,2533,2525.0,0.0031683168316831685,1076,420.0,1.561904761904762,42.479273588630086,16.63,1.5543760426115507
1,300.0,2.04,146.05882352941174,0.8378388894606833,1.0,0.1621611105393167,3.408906882591093,2.48,0.3745592268512472,1234,1124.0,0.09786476868327403,433,97.0,3.463917525773196,35.089141004862235,8.63,3.0659491315019967
