method,precision,recall,f1-score,map50,map50-95,tp,fp,fn,segmentation_time,iou_mask
droplet_synthetic_dataset_yolo,0.6077939529675251,0.5725920455744277,0.5896680971264056,0.3796517881115607,1.0306464158002263e-05,,,,8.239769558752737,
droplet_synthetic_dataset_cv2,0.9085158610271904,0.6304892630751339,0.7443893288467303,0.6010378919353068,0.1803395060382553,,,,5.320470586899789,
droplet_real_dataset_cv,0.6551071878940732,0.8485095957533687,0.7393702188222737,0.554563165983379,0.00083079043723,,,,5.37240195274353,
