id,no_droplets,coverage_percentage,dv01,vmd,dv09,rsf,rsf_old
Exterior,792,98.83,253.23,411.99,865.29,1.485618583
Z2,631,98.56,128.61,166.39,309.85,1.089248152