file,VMD_pred,VMD_gt,VMD_error,RSF_pred,RSF_gt,RSF_error,CoveragePercentage_pred,CoveragePercentage_gt,CoveragePercentage_error,NoDroplets_pred,NoDroplets_gt,NoDroplets_error,NoOverlappedDroplets_pred,NoOverlappedDroplets_gt,NoOverlappedDroplets_error,OverlappedDropletsPercentage_pred,OverlappedDropletsPercentage_gt,OverlappedDropletsPercentage_error
2_Z1_cut,640.745838369767,630.8111926651404,0.01574900036673925,2.0231763011690362,0.7991612469371311,1.5316246363585206,5.3649857967181225,3.7142323407838767,0.4444400092606645,2328,1913,0.21693674856246734
LadoOposto_850_Arv1_15m_cut,325.6665910705452,114.2694430760319,1.8499884335119685,1.2045246485016652,0.7791255105676309,0.5459956478951771,3.1368022116845786,3.8166388985517865,0.17812444533989583,844,841,0.0035671819262782403
