file,precision,recall,f1_score,map50,map50-95,tp,fp,fn,segmentation_time
2_Z1_cut,0.15163934426229508,0.08591331269349846,0.10968379446640318,0.013785394932935917,0.0,111,621,1181,10.63071608543396
