file,precision,recall,f1_score,map50,map50-95,tp,fp,fn,segmentation_time
2_Z1_cut,0.6292955326460481,0.8497679814385151,0.7230997038499507,0.5148781630740393,0.0010153077163386442,1465,863,259,4.5438432693481445
LadoOposto_850_Arv1_15m_cut,0.726303317535545,0.8455172413793104,0.7813894200127469,0.5942481688927187,0.0006462731581214993,613,231,112,6.200960636138916
