,GroundTruth,Calculado,Erro
VMD,8.63,36.55409037440503,323.56999275092727
RSF,0.82,3.3599999999999994,309.75609756097555
Coverage %,25.3,28.11570637776778,11.129274220426002
Nº Droplets,2231.0,1482.0,33.57238906320036
Overlapped Droplets %,64.72433886149709,45.41160593792173,29.838439856299605
