,GroundTruth,Calculado,Erro
VMD,8.62,17.911504283458463,107.79007289394971
RSF,0.81,1.6607932991479235,105.03620977134858
Coverage %,14.67,15.934891537961713,8.622300872267981
Nº Droplets,1237.0,1054.0,14.793856103476152
Overlapped Droplets %,43.977364591754245,31.87855787476281,27.51144100904119
