,GroundTruth,Calculado,Erro
VMD,0.364243,0.3863421885452129,6.067155318074176
RSF,1.12,1.147445251044471,2.450468843256333
Coverage %,4.7,4.610285620259752,1.908816590218042
Nº Droplets,279.0,249.0,10.75268817204301
Overlapped Droplets %,18.27956989247312,16.867469879518072,7.7250177179305535
