,GroundTruth,Calculado,Erro
VMD,0.364243,0.3863421885452129,6.067155318074176
RSF,1.0,1.0399126525262468,3.991265252624676
Coverage %,6.05,5.835001109725018,3.553700665702185
Nº Droplets,345.0,312.0,9.565217391304348
Overlapped Droplets %,16.52173913043478,10.256410256410255,37.92172739541161
