,GroundTruth,Calculado,Erro
VMD,1.75,51.66174585903215,2852.099763373266
RSF,0.82,16.885574423951617,1959.2163931648315
Coverage %,23.18,2.0754504504504503,91.04637424309556
Nº Droplets,2014.0,848.0,57.89473684210527
Overlapped Droplets %,59.83118172790467,41.74528301886792,30.228215767634865
