,GroundTruth,Calculado,Erro
VMD,1.73,38.8626646777404,2146.3968021815263
RSF,0.85,14.31483355825461,1584.0980656770132
Coverage %,17.35,2.5374251497005997,85.37507118328185
Nº Droplets,1541.0,744.0,51.71966255678131
Overlapped Droplets %,53.73134328358209,36.29032258064516,32.45967741935484
