,GroundTruth,Calculado,Erro
VMD,0.364243,0.3863421885452129,6.067155318074176
RSF,1.12,1.147445251044471,2.450468843256333
Coverage %,9.93,8.854122819773004,10.8346141009768
Nº Droplets,584.0,490.0,16.095890410958905
Overlapped Droplets %,27.397260273972602,18.775510204081634,31.469387755102034
