,GroundTruth,Calculado,Erro
VMD,0.364243,0.3863421885452129,6.067155318074176
RSF,1.12,1.146073977301885,2.3280336876683023
Coverage %,9.93,8.763144501503868,11.750810659578363
Nº Droplets,584.0,492.0,15.753424657534246
Overlapped Droplets %,27.397260273972602,18.69918699186992,31.747967479674795
