,GroundTruth,Calculado,Erro
VMD,0.364243,0.4162772874321879,14.285597096495447
RSF,1.12,1.181977465748787,5.533702298998823
Coverage %,14.17,11.835360813696303,16.475929331712752
Nº Droplets,844.0,638.0,24.407582938388625
Overlapped Droplets %,41.23222748815166,24.921630094043888,39.557885633985514
