,GroundTruth,Calculado,Erro
VMD,0.364243,0.4227816200483159,16.071309551128202
RSF,1.12,1.1072022951566256,1.1426522181584375
Coverage %,14.17,12.3002016638222,13.195471673802398
Nº Droplets,844.0,642.0,23.933649289099527
Overlapped Droplets %,41.23222748815166,26.947040498442366,34.64568338883518
