,GroundTruth,Calculado,Erro
VMD,3.6424300000000005,3.9746422538601456,9.12062150432939
RSF,10.840000000000003,11.064291883276002,2.069113314354234
Coverage %,89.41,79.9996460359857,10.524945715260364
Nº Droplets,5276.0,4405.0,16.50871872630781
Overlapped Droplets %,253.2474416197578,169.4714129771787,33.08070087766806
