file,precision,recall,f1_score,map50,map50-95,tp,fp,fn,segmentation_time
0,0.9343629343629344,0.8712871287128713,0.9017233348858873,0.7644787644787645,0.6079501579501579,968,68,143,1.4853508472442627
10,0.8448377581120944,0.7842278203723987,0.8134052825901733,0.6144274604451595,0.3449396621078037,1432,263,394,5.3113648891448975
100,0.9546061415220294,0.9383202099737533,0.9463931171409663,0.8678237650200267,0.7162762471173686,715,34,47,3.420964241027832
