file,VMD_pred,VMD_gt,VMD_error,RSF_pred,RSF_gt,RSF_error,CoveragePercentage_pred,CoveragePercentage_gt,CoveragePercentage_error,NoDroplets_pred,NoDroplets_gt,NoDroplets_error,NoOverlappedDroplets_pred,NoOverlappedDroplets_gt,NoOverlappedDroplets_error,OverlappedDropletsPercentage_pred,OverlappedDropletsPercentage_gt,OverlappedDropletsPercentage_error
0,353.1332810360425,305.82,0.1547095711073262,1.2385156321032256,1.27,0.024790840863601924,4.693436351870408,4.22,0.11218870897403031,1036,1163.0,0.10920034393809114,78,118.0,0.3389830508474576,7.5289575289575295,10.15,0.2582307853243814
10,308.493380935694,243.04,0.26931114604877393,0.858830331885012,0.52,0.6515967920865615,6.390123997995992,4.72,0.3538398300838966,1695,2051.0,0.17357386640663092,205,290.0,0.29310344827586204,12.094395280235988,14.14,0.14466794340622438
100,289.6467135466689,268.82,0.07747456865809421,0.5363300194922085,0.49,0.0945510601881806,2.338006970849176,2.13,0.09765585485876822,749,783.0,0.04342273307790549,55,73.0,0.2465753424657534,7.343124165554073,9.32,0.21211114103497072
