file,precision,recall,f1_score,map50,map50-95,tp,fp,fn,segmentation_time
0,0.8759065269943593,0.8823051948051948,0.8790942175495349,0.7166507948135667,0.5058384001172076,1087,154,145,2.2553441524505615
