file,precision,recall,f1_score,map50,map50-95,tp,fp,fn,segmentation_time
0,0.9333976833976834,0.8711711711711712,0.9012115563839701,0.7636890136890137,0.6026676026676026,967,69,143,2.670271635055542
