file,precision,recall,f1_score
0,0.52368245496998,0.4315557998900495,0.4731766124171187
