file,precision,recall,f1_score,tp,fp,fn,segmentation_time
0,0.6699565732333201,0.819015444015444,0.7370249728555918,1697,836,375,3.634587049484253
1,0.7325769854132901,0.9149797570850202,0.8136813681368137,904,330,84,2.8371965885162354
