method,precision,recall,f1-score,map50,map50-95,tp,fp,fn,segmentation_time
2_Z1_cut,0.7312646370023419,0.859009628610729,0.7900063251106894,0.5983074302746434,0.23711943793911008,1249,459,205,13.340589046478271
LadoOposto_850_Arv1_15m_cut,0.7680965147453083,0.8577844311377245,0.8104667609618104,0.628442602973434,0.26466000487448205,573,173,95,8.915563821792603
