file,VMD_pred,VMD_gt,VMD_error,RSF_pred,RSF_gt,RSF_error,CoveragePercentage_pred,CoveragePercentage_gt,CoveragePercentage_error,NoDroplets_pred,NoDroplets_gt,NoDroplets_error,NoOverlappedDroplets_pred,NoOverlappedDroplets_gt,NoOverlappedDroplets_error,OverlappedDropletsPercentage_pred,OverlappedDropletsPercentage_gt,OverlappedDropletsPercentage_error
2_Z1_cut,269.15466371085625,215.8,0.24724125908645153,1.3241024509188362,0.8,0.6551280636485451,3.9542351873706436,3.71,0.06583158689235678,1011,1913.0,0.47151071615263984,796,0.0,0,78.73392680514341,0.0,0
LadoOposto_850_Arv1_15m_cut,107.73426410862967,114.27,0.05719555343808806,1.0082606529654075,0.78,0.2926418627761634,2.500009154323587,3.82,0.34554734180010804,637,841.0,0.24256837098692033,660,0.0,0,103.61067503924646,0.0,0
