method,precision,recall,f1-score,map50,map50-95,tp,fp,fn,segmentation_time
2_Z1_cut,0.9613590939373751,0.7778975741239892,0.8599523241954707,0.6991702501362728,0.3344497607655503,1443,58,412,102.5306429862976
LadoOposto_850_Arv1_15m_cut,0.9508816120906801,0.9413965087281796,0.9461152882205514,0.8644378291733456,0.5361231967025418,755,39,47,156.02243065834045
