file,precision,recall,f1_score,map50,map50-95,tp,fp,fn,segmentation_time
2_Z1_cut,0.5025716385011021,0.8533998752339363,0.6326011560693642,0.4111949769554472,0.0004341727339523078,1368,1354,235,6.385726690292358
