method,precision,recall,f1-score,map50,map50-95,tp,fp,fn,segmentation_time
2_Z1_cut,0.3418013856812933,0.22040208488458674,0.2679945676776822,0.09321855973126181,0.01508503044299811,296,570,1047,14.038289785385132
LadoOposto_850_Arv1_15m_cut,0.47834645669291337,0.421875,0.4483394833948339,0.21743020758768788,0.04958840372226199,243,265,333,15.206776142120361
