method,precision,recall,f1-score,map50,map50-95,tp,fp,fn,segmentation_time
2_Z1_cut,0.7495559502664298,0.2381489841986456,0.3614561027837259,0.20442435007266269,0.055272081382205705,422,141,1350,250.2384250164032
LadoOposto_850_Arv1_15m_cut,0.5679611650485437,0.15558510638297873,0.244258872651357,0.10326566637246248,0.030803177405119155,117,89,635,342.8920867443085
