file,VMD_pred,VMD_gt,VMD_error,RSF_pred,RSF_gt,RSF_error,CoveragePercentage_pred,CoveragePercentage_gt,CoveragePercentage_error,NoDroplets_pred,NoDroplets_gt,NoDroplets_error,NoOverlappedDroplets_pred,NoOverlappedDroplets_gt,NoOverlappedDroplets_error,OverlappedDropletsPercentage_pred,OverlappedDropletsPercentage_gt,OverlappedDropletsPercentage_error
2_Z1_cut,249.18879761103247,215.8,0.15472102692786124,0.8442318191605558,0.8,0.055289773950694676,3.995332783783944,3.71,0.07690910614122477,1587,1913.0,0.17041296393099845,240,0.0,0,15.122873345935728,0.0,0
LadoOposto_850_Arv1_15m_cut,104.95518644483496,114.27,0.08151582703391119,0.8808882355750917,0.78,0.12934389176293798,3.32362364744869,3.82,0.12994145354746325,834,841.0,0.008323424494649227,304,0.0,0,36.45083932853717,0.0,0
