file,precision,recall,f1_score,map50,map50-95,tp,fp,fn,segmentation_time
2_Z1_cut,0.9965265717262939,0.5857492854226215,0.7378166388067378,0.5435599482143421,0.5377245887145158,2869,10,2029,3.153881788253784
